id,nome,autor,genero,n_exemplares
036186991-6,Chronicle of My Mother (Waga haha no ki),Charleen,Drama,8
338508350-8,Sky Murder,Chick,Action|Adventure|Crime|Mystery|Thriller,10
383488901-6,"Real Cancun, The",Meris,Documentary,5
358441117-3,"Dead Calling, A",Merrill,Horror,10
137152781-4,Deadtime Stories,Minna,Horror,4
374473643-1,"Single Girl, A (Fille seule, La)",Myriam,Drama,6
122893799-0,Pursuit to Algiers,Oralla,Adventure|Crime|Mystery|Romance,1
349643200-4,"Conspiracy of Torture, The (Beatrice Cenci)",Wilt,Drama,9
953636747-5,"Black Room, The",Candace,Crime|Horror|Thriller,3
363115050-4,"Perks of Being a Wallflower, The",Timmie,Drama|Romance,8
135525638-0,Passenger Side,Belia,Comedy|Drama,3
442103705-2,100 Men and a Girl (One Hundred Men and a Girl),Anton,Comedy,1
035643764-7,Calling Bulldog Drummond,Brynna,Crime|Mystery,5
891253389-4,Battle of Britain,Florinda,War,6
726484693-8,"Chronicles of Narnia: The Voyage of the Dawn Treader, The",Almire,Adventure|Children|Fantasy,3
163559303-4,Juggernaut,Thacher,Action|Thriller,7
742552622-0,Mr. Skeffington,Jimmy,Drama|Romance,7
259602055-6,Dawn of the Dead,Darice,Action|Drama|Horror,2
262192651-7,Seven Up!,Kaylil,Documentary,8
548993459-X,Gunnin' for That #1 Spot,Welsh,Documentary,1
746527404-4,Jesus of Montreal (Jésus de Montréal),Abdul,Drama,3
554235000-3,Guy and Madeline on a Park Bench,Lonnie,Drama|Musical,3
759809707-0,"10th Kingdom, The",Sutton,Adventure|Comedy|Fantasy,3
077228819-4,"Double Life of Veronique, The (Double Vie de Véronique, La)",Jewell,Drama|Fantasy|Romance,6
612249456-9,Intermezzo,Carlynn,Drama|Romance,3
503801290-6,"Mad Adventures of Rabbi Jacob, the (Les Aventures de Rabbi Jacob)",Berky,Comedy,9
328794873-3,Bad Boys,Sidonnie,Action|Comedy|Crime|Drama|Thriller,6
556415364-2,Sabah,Georgeanna,Comedy|Drama|Romance,10
502677408-3,"Imaginarium of Doctor Parnassus, The",Biddy,Drama|Fantasy,8
174353321-7,Gran Paradiso,Wylie,Adventure|Drama|Romance,1
186184959-1,Cinemania,Quincy,Documentary,2
861720085-5,Evergreen,Reagan,Drama,1
289039410-7,Tinker Bell and the Lost Treasure,Melinda,Adventure|Animation|Children|Fantasy,9
079626444-9,Perils of the Sentimental Swordsman,Emalia,Action|Adventure|Fantasy,5
332222460-0,Village of the Giants,Felizio,Sci-Fi,8
246252181-X,"Stone Angel, The",Freemon,Drama,3
140266904-6,Ritual (Shiki-Jitsu),Crysta,Drama,3
618835061-1,Supercop (Police Story 3: Supercop) (Jing cha gu shi III: Chao ji jing cha),Mayer,Action|Comedy|Crime|Thriller,3
679895895-8,Radioactive Dreams,Tiertza,Action|Comedy|Film-Noir|Musical|Sci-Fi,1
213720565-3,Music of the Heart,Elianore,Drama,4
745906904-3,"Man from Beyond, The",Brendan,Mystery,6
312982419-7,"Tree of Knowledge, The (Kundskabens træ)",Ralf,Drama,5
125186366-3,Solstice,Fulvia,Drama,6
200368605-3,24 Hours on Craigslist,Shalom,Documentary,10
810998874-1,"Caddy, The",Cynde,Comedy|Musical,10
208607303-8,Ski School,Say,Comedy,2
861669418-8,Lara Croft Tomb Raider: The Cradle of Life,Yves,Action|Adventure|Comedy|Romance|Thriller,7
841574466-8,Jesse Stone: Death in Paradise,Nicole,Crime|Drama|Mystery,1
215626714-6,"Trip to Italy, The",Iris,Comedy|Drama,8
968155091-9,McConkey,Lanae,Adventure|Documentary,3
935479800-4,Dark Blue World (Tmavomodrý svet),Ileane,Drama|War,1
406989985-5,Meet Me at the Fair,Rosabella,Musical,1
154702234-5,Double Take,Garreth,Documentary,1
300484179-7,Cosas que nunca te dije (Things I Never Told You),Elva,Comedy|Drama|Romance,6
040818821-9,Focus,Herc,Comedy|Crime|Drama|Romance,6
037538788-9,Cherrybomb,Garland,Drama|Thriller,7
510087793-6,"Hollywood Knights, The",Lizzie,Comedy,10
902035739-5,Blow-Up (Blowup),Merry,Drama|Mystery,4
236479908-2,Seven Ways from Sundown,Horatius,Action|Adventure|Western,4
732706319-6,Johnny Guitar,Bradley,Drama|Western,7
863132135-4,Lipstick,Constancy,Drama,5
838675710-8,Van Diemen's Land,Gerta,Drama,6
439180316-X,"Redemption of General Butt Naked, The",Desiri,Documentary|Drama,6
549804232-9,Penny Dreadful,Georgianna,Horror|Thriller,10
197509337-2,"Barretts of Wimpole Street, The (a.k.a. Forbidden Alliance)",Gleda,Drama|Romance,7
976655478-1,Falcon Rising,Nara,Action|Adventure,8
004593568-8,Outer Space,Rickey,Animation|Horror,7
887279979-1,Phone Booth,Cybil,Drama|Thriller,8
682587341-5,Werner - Beinhart!,Gayle,Action|Animation|Comedy,8
098414623-7,Buddies (Colegas),Matt,Adventure|Comedy,5
007462011-8,Little Richard,Kata,Drama,3
154469428-8,"Ballad of Cable Hogue, The",Garreth,Comedy|Western,9
078966328-7,Ladies vs. Ricky Bahl,Filbert,Comedy|Drama,1
327940753-2,Killing Words (Palabras encadenadas),Packston,Crime|Drama|Thriller,2
554261196-6,Creator,Sal,Comedy|Drama|Romance,10
607312932-7,Boogie Man: The Lee Atwater Story,Garvey,Documentary,2
252843136-8,"Taira Clan Saga, The (Shin heike monogatari)",Olimpia,Drama,1
674018668-5,Into the Blue,Cameron,Action|Adventure|Crime|Thriller,10
642186238-1,Evenings on a Farm near Dikanka,Lorie,Comedy|Fantasy|Romance,6
977182272-1,"Four Seasons, The",Ivar,Comedy|Drama,8
707963050-9,"Seventh Seal, The (Sjunde inseglet, Det)",Damian,Drama,7
592192492-X,Firestorm,Janette,Action|Adventure|Thriller,6
987301167-6,Tin Men,Giustino,Comedy|Drama,5
980023954-5,I Am a Sex Addict,Prentiss,Comedy|Documentary|Romance,10
049697603-6,Fingers,Carlye,Drama,7
231908942-X,Fear City: A Family-Style Comedy (La cité de la peur),Verine,Comedy,7
423831590-1,Cabaret,Evania,Drama|Musical,8
083704872-9,Atomic Rulers of the World,Tye,Action|Sci-Fi,10
744701560-1,After Porn Ends,Candice,Documentary,4
307887738-8,"Bridge, The (Die Brücke)",Merridie,War,6
366402359-5,Samurai Fiction (SF: Episode One),Kaleb,Action|Adventure|Comedy,7
813654240-6,Guernica,Rollo,(no genres listed),9
810114275-4,Hot Coffee,Slade,Documentary,8
723752500-X,Harmful Insect (Gaichu),Morrie,Drama,2
795192389-3,"War Room, The",Dulcie,Documentary,1
655139898-7,Caravaggio,Edyth,Drama,1
885262617-4,"10th Judicial Court: Judicial Hearings, The (10e chambre - Instants d'audience)",Wren,Documentary,5
324075405-3,"Hands of Orlac, The (Orlacs Hände)",Hildegaard,Crime|Horror,7
667244378-9,Dark Shadows,Dana,Comedy|Horror|IMAX,8
644379386-2,Boyz N the Hood,Reginald,Crime|Drama,7
401148626-4,"Farmer's Daughter, The",Rora,Comedy,6
662779962-6,Nobody Loves Me (Keiner liebt mich),Oates,Comedy|Drama,3
325826681-6,Suddenly,Jacquenette,Crime|Drama|Film-Noir,7
075289385-8,Fog Over Frisco,Sally,Crime|Mystery|Thriller,2
234712747-0,"Replacement Killers, The",Ingaborg,Action|Crime|Thriller,6
935137059-3,"Day the Earth Caught Fire, The",Danya,Sci-Fi,8
294310150-8,Achilles and the Tortoise (Akiresu to kame),Seline,Comedy,10
922116238-9,Manual of Love 2 (Manuale d'amore (capitoli successivi)),Angelo,Comedy|Romance,7
378659432-5,"Ugly Dachshund, The",Denis,Children|Comedy,6
492939007-9,Rose Red,Gilburt,Horror|Mystery|Thriller,3
846710861-4,"World Moves On, The",Milt,Drama|Romance|War,8
908445125-2,Baffled!,Kayley,Mystery|Sci-Fi|Thriller,1
538300648-6,God's Not Dead,Estell,Drama,3
935541125-1,Faces of Death,Carmita,Documentary|Horror,1
089215040-8,Sudden Fear,Cecil,Film-Noir|Horror|Thriller,6
714725371-X,Twice-Told Tales,Didi,Horror|Mystery|Romance|Sci-Fi,9
911986043-9,"Like Sunday, Like Rain",Lilias,Drama|Romance,6
211284310-9,"Move Over, Darling",Shanon,Comedy|Romance,9
732109021-3,"Filth and the Fury, The",Shauna,Documentary,7
318266133-7,Indian Summer (a.k.a. Alive & Kicking),Jamil,Comedy|Drama,8
486341964-3,Child Bride,Tara,Drama,3
961514259-X,Maximum Overdrive,Hallsy,Horror,3
557903871-2,"Dunce Class on Vacation, The (Hababam sinifi tatilde)",Ambrosi,Comedy,4
921965900-X,Iron Sky,Tuesday,Action|Comedy|Sci-Fi,5
798713992-0,Doc Savage: The Man of Bronze,Trista,Adventure,5
531736831-6,My Lucky Stars (Fuk sing go jiu),Thane,Action|Comedy,4
433104268-5,"Doom Generation, The",Aloin,Comedy|Crime|Drama,7
334303343-X,Lawrence of Arabia,Ronnica,Adventure|Drama|War,1
262286309-8,Daria: Is It Fall Yet?,Hardy,Animation|Comedy,8
512112578-X,Invasion U.S.A.,Shanan,Action|Thriller,6
126054856-2,"Haunting in Connecticut, The",Amy,Horror|Thriller,2
358334440-5,Tyler Perry's Madea's Witness Protection,Sal,Comedy,9
653126658-9,Children of the Corn V: Fields of Terror,Ware,Horror|Thriller,4
708127503-6,Vice Squad,Guilbert,Crime|Drama,7
430917107-9,"Deadly Tower, The",Artie,Action|Drama|Thriller,5
577784279-8,Indecent Proposal,Bondon,Drama|Romance,1
278603713-1,Peter Pan,Oralee,Action|Adventure|Children|Fantasy,2
416828570-7,Wonder Woman,Tallie,Action|Adventure|Animation|Fantasy,3
793763681-5,Star Trek: Nemesis,Meyer,Action|Drama|Sci-Fi|Thriller,2
544594474-3,In the Realms of the Unreal,Hildegarde,Animation|Documentary,6
823206557-5,Delta of Venus,Dagny,Drama,1
660701548-4,Mamitas,Blythe,Drama,2
525479030-X,Into the Deep,Katheryn,Documentary|IMAX,10
561062848-2,Her,Hortensia,Drama|Romance|Sci-Fi,9
378019508-9,Life in Flight ,Wilmette,Drama,3
816073391-7,1001 Nights,Valentine,Adventure|Comedy|Fantasy,1
537549723-9,Broken Windows,Eric,Drama,3
588318354-9,"Rocket, The",Reidar,Drama,8
477872961-7,Way Down East,Xerxes,Drama|Romance,4
775020278-1,Harry Potter and the Prisoner of Azkaban,Gratiana,Adventure|Fantasy|IMAX,6
551700516-0,"End of the Line, The",Wynne,Documentary,1
807767567-0,Ace Ventura: When Nature Calls,Annora,Comedy,1
692913450-3,"Crimson Pirate, The",Winona,Adventure|Comedy,9
044078270-8,Dorian Gray,Nataline,Drama|Horror|Sci-Fi,1
609648601-0,Who'll Stop the Rain,Claudelle,Crime|Drama,1
760465381-2,Class,Silvain,Comedy,7
954297956-8,UHF,My,Comedy,9
051891242-6,Le Week-End,Gertruda,Comedy|Drama,9
634135491-6,"Man Who Came to Dinner, The",Maryanna,Comedy,3
963191818-1,Sangre de mi sangre (Padre Nuestro),Therese,Drama|Thriller,2
632465859-7,Keep Your Right Up,Morey,Comedy|Drama,6
785986851-2,"Dirty Carnival, A (Biyeolhan geori)",Austin,Action|Crime|Thriller,9
512128096-3,"Green Ray, The (Rayon vert, Le)",Haslett,Drama|Romance,4
476556730-3,Hidalgo,Ricardo,Adventure|Drama,7
498403823-3,Clean and Sober,Debee,Drama,4
389319491-6,Quid Pro Quo,Layla,Drama|Thriller,10
936597775-4,"Smart Set, The",Brenn,Comedy|Drama,7
507374776-3,"Eighth Day, The (Huitième jour, Le)",Talia,Drama,6
400107523-7,Different from the Others (Anders als die Andern),Vinny,Drama,5
485888406-6,Physical Evidence,Abramo,Crime|Thriller,1
604739307-1,Juggernaut,Christopher,Action|Thriller,3
146507182-2,American Revolutionary: The Evolution of Grace Lee Boggs,Daniel,Documentary,8
399515146-9,Life According to Sam,Jules,Documentary|Drama,5
085425970-8,"Badge, The",Colene,Crime|Drama|Mystery|Thriller,7
029141381-1,That Awkward Moment,Cecile,Comedy|Romance,6
500423054-4,Thomas in Love (Thomas est Amoureux),Bobette,Comedy|Drama,6
701453131-X,Last Cowboy Standing (Skavabölen pojat),Debbie,Drama,4
428500339-2,"Mummy: Tomb of the Dragon Emperor, The",Chancey,Action|Adventure|Fantasy|Thriller,2
809220477-2,Creation,Gretel,Drama,3
927163213-3,In Fear,Brandais,Thriller,7
938063194-4,Oxford Blues,Aurilia,Comedy|Drama,9
140175516-X,24 Exposures,Kaylil,Crime|Drama|Thriller,4
434254419-9,What Did the Lady Forget? (Shukujo wa nani o wasureta ka) ,Alain,Comedy|Drama,6
089069698-5,Truly Human (Et rigtigt menneske),Lethia,Drama,7
242356575-5,American Mary,Richart,Horror|Thriller,3
159224272-3,Belle,Melony,Drama,5
177577956-4,"Prince and the Pauper, The",Donnie,Adventure|Drama,1
553022157-2,Duma,Nichole,Adventure|Drama,2
598545915-2,After Porn Ends,Teddy,Documentary,10
308758653-6,Dementia 13,Emmye,Horror|Thriller,5
356108109-6,Rasen,Saundra,Drama|Fantasy|Horror|Mystery|Thriller,6
640062366-3,1984,Steffane,Drama|Sci-Fi,5
412495860-9,"Dictator, The",Karim,Comedy,7
671296350-8,Napoléon,Leora,Drama|War,7
209314767-X,Humoresque,Hestia,Drama|Romance,7
295532199-0,Beverly Hills Chihuahua 3,Herschel,Adventure|Children|Comedy,2
225332016-1,A Most Violent Year,Rancell,Action|Crime|Drama|Thriller,5
302517796-9,Gorky Park,Glen,Crime|Drama|Thriller,8
402699516-X,Southern Comfort,Ariela,Drama|Thriller|War,10
343102196-4,"Fox, The",Wyatt,Drama,2
339876201-8,"Mesmerist, The",Shara,Comedy|Fantasy|Horror,1
578101490-X,Holly,Stephana,Drama,2
554361113-7,Kickin It Old Skool,Maggie,Comedy,7
414448772-5,Hornets' Nest,Emily,Action|Drama|War,10
194982152-8,"Gnome-Mobile, The",Carson,Adventure|Children|Fantasy|Musical,5
832394656-6,Two-Lane Blacktop,Cello,Drama,5
600057254-9,Dummy,Eliza,Comedy|Drama|Romance,9
266278730-9,Look,Maridel,Drama,2
637341414-0,Love Crime (Crime d'amour),Bowie,Crime|Mystery|Thriller,3
676814111-2,Rude Boy,Analise,Documentary|Drama,9
806626924-2,Twilight of the Ice Nymphs,Dorothee,Fantasy,9
430014154-1,Last Night,Lorinda,Drama|Sci-Fi,4
924857620-6,Homecoming,Ketty,Drama|Thriller,4
881776021-8,Too Big to Fail,Collin,Drama,8
259708483-3,Screamers,Fiann,Action|Horror,2
841965310-1,The Walking Hills,Noellyn,Western,2
162016079-X,Violeta Went to Heaven (Violeta se fue a los cielos),Greta,Drama,2
121120517-7,"It's Christmastime Again, Charlie Brown",Shirleen,Animation,2
083986782-4,Blue Collar,Molli,Crime|Drama,7
523311569-7,Female Perversions,Meryl,Drama,4
295135711-7,"Prize, The",Alfredo,Drama|Mystery|Thriller,7
721485664-6,They Might Be Giants,Vivyanne,Comedy|Mystery|Romance,2
897633169-9,My Dear Enemy (Meotjin haru),Sharla,Drama|Romance,7
186664013-5,Heroes for Sale,Bonnibelle,Drama,8
466116886-0,Rebirth of Mothra,Udale,Action|Fantasy|Sci-Fi,1
333510396-3,"Starving Games, The",Elyse,Comedy,5
413187402-4,"Big House, The",Oriana,Drama|Thriller,1
518027213-0,Kabul Express,Dulci,Action|Comedy|Drama|Thriller,4
708357857-5,"Blind Menace, The (Shiranui kengyô)",Constance,Crime|Drama,7
577182522-0,"Odd Couple II, The",Deanna,Comedy,10
742091461-3,For Keeps,Orran,Drama|Romance,10
261204394-2,Evil - In the Time of Heroes (To kako - Stin epohi ton iroon),Gerhard,Adventure|Comedy|Horror,5
086385113-4,Sophie's Revenge (Fei chang wan mei),Darline,Comedy|Romance,5
981073898-6,Volga - Volga,Laney,Comedy|Musical,9
288609592-3,Paradise: Hope (Paradies: Hoffnung),Peta,Drama,6
946022155-6,"Postman, The (Postino, Il)",Tamara,Comedy|Drama|Romance,2
579359491-4,Afterglow,Clari,Drama|Romance,5
281182010-8,"Seafarers, The",Geordie,Documentary,10
064334661-9,"Exterminator, The",Leola,Action|Crime|Thriller|War,9
191337212-X,"History of Future Folk, The",Pauly,Adventure|Comedy|Musical|Sci-Fi,4
454782370-7,House,Rebekkah,Comedy|Fantasy|Horror,7
153526357-1,Populaire,Cross,Comedy,1
677541960-0,Sons of Perdition,Killie,Documentary,10
496923239-3,Most Wanted,Sal,Action|Thriller,10
915774813-6,"Elvira, Mistress of the Dark",Kevon,Comedy|Horror,8
912798184-3,"Swan and the Wanderer, The (Kulkuri ja joutsen)",Martynne,Drama,5
594857580-2,Gallipoli,Bibby,Drama|War,2
315071287-4,At Land,Tomkin,(no genres listed),5
698450919-X,3 Ninjas Kick Back,Juanita,Action|Children|Comedy,3
303724028-8,"Mummy's Hand, The",Essy,Horror,5
341899278-1,Leo the Last,Dicky,Comedy|Drama,6
768757681-0,Strawberries in the Supermarket (Jagoda u supermarketu) ,Yvor,Action|Adventure|Comedy,2
061481254-2,CSNY Déjà Vu,Kevyn,Documentary,4
596507616-9,The Stanford Prison Experiment,Gage,Drama|Thriller,9
028145101-X,Dr. Jekyll and Mr. Hyde,Kaylee,Drama|Horror,6
604398164-5,Galaxy of Terror (Quest),Duff,Action|Horror|Mystery|Sci-Fi,6
193628264-X,Life Stinks,Raquela,Comedy,4
171763812-0,"Batman/Superman Movie, The",Grete,Action|Adventure|Animation|Children|Fantasy|Sci-Fi,5
543875511-6,Mystery Science Theater 3000: The Movie,Inger,Comedy|Sci-Fi,4
288428006-5,Moll Flanders,Donny,Drama,4
861401833-9,Home Alone,Oby,Children|Comedy,3
129384491-8,Flying Down to Rio,Silas,Comedy|Musical|Romance,8
211816882-9,"Soloist, The",Raviv,Drama|Musical,10
985396917-3,Deadly Friend,Elsa,Horror,8
040655551-6,"Bunch Of Amateurs, A",Glen,Comedy,3
498779112-9,Murphy's Romance,Laura,Comedy|Romance,3
814017249-9,Victor Sjöström: Ett porträtt,Fern,Documentary,9
628246251-7,"Grand Seduction, The",Lorelei,Comedy,7
426215745-8,Renaissance,Erin,Action|Animation|Film-Noir|Sci-Fi|Thriller,1
264689770-7,Double Jeopardy,Genevra,Action|Crime|Drama|Thriller,1
817897484-3,Finding Amanda,Peta,Comedy|Drama,3
530504448-0,"Good Life, The",Ryley,Comedy|Drama,9
481538802-4,All the Colors of the Dark,Ibbie,Horror|Mystery|Thriller,6
156525450-3,Jungle Man-Eaters,Alonzo,Adventure,8
741399489-5,"Bling Ring, The",Moria,Drama,9
032049376-8,Revenge,Kip,Drama|Romance|Thriller,6
907512902-5,Submarine,Shamus,Action|Drama,9
810362646-5,Zatoichi and the Doomed Man (Zatôichi sakate giri) (Zatôichi 11),Kimbell,Action|Drama,1
245804380-1,You Were Never Lovelier,Robby,Comedy|Musical|Romance,9
826095177-0,"Extra Man, The",Luther,Comedy,1
407162022-6,"Liability, The",Nelly,Action|Thriller,2
657983400-5,Desire,Ingeborg,Comedy|Crime|Romance,5
670142183-0,3 on a Couch (Three on a Couch),Zonnya,Comedy|Romance,6
339971224-3,Jack Strong,Stormy,Action|Crime|Thriller,3
517705950-2,Pacific Rim,Lester,Action|Adventure|Sci-Fi|IMAX,2
338049107-1,Time Bandits,Lorilee,Adventure|Comedy|Fantasy|Sci-Fi,4
714794460-7,American Idiots,Adolf,Comedy|Romance,8
508361507-X,Dudley Do-Right,Burlie,Children|Comedy,10
973047028-6,Night Has a Thousand Eyes,Arlina,Drama|Film-Noir,8
160030769-8,Christmas Carol: The Movie,Pennie,Animation|Children,1
301071530-7,A Connecticut Yankee in King Arthur's Court,Nadiya,Adventure|Children|Comedy|Fantasy,8
284889330-3,Hannah Takes the Stairs,Mirelle,Drama,1
225936767-4,Big Shots,Fax,Adventure|Children|Comedy,6
028545543-5,Deadline,Obadias,Documentary,2
292168178-1,Disconnect,Consolata,Drama|Thriller,7
089763034-3,Jack and the Cuckoo-Clock Heart (Jack et la mécanique du coeur),Garvey,Adventure|Animation|Drama|Fantasy|Musical|Romance,5
305674017-7,Montenegro,Elise,Comedy|Drama,6
315514689-3,Torn,Phaidra,Drama,7
868806836-4,Thunderball,Hilda,Action|Adventure|Thriller,5
442757708-3,Palo Alto,Issie,Drama,6
034664327-9,"Concert for George, The",Isa,Documentary|Musical,8
285144792-0,Double Take,Ashly,Documentary,6
447630434-6,My Childhood,Reilly,Drama,5
768835572-9,"Walk, Don't Run",Emeline,Comedy|Romance,2
371668374-4,Perestroika,Ogdon,Drama,3
859228949-1,"Clearing, The",Francklin,Drama|Thriller,9
104937403-7,"Terror's Advocate (Avocat de la terreur, L')",Blithe,Documentary,8
315796721-5,"Devil's Chair, The",Betsey,Horror,6
954967344-8,Exit to Eden,Samantha,Comedy,5
153486570-5,Paint It Yellow (Rang De Basanti),Brit,Action|Comedy|Drama,3
189679558-7,Dolls,Velvet,Drama|Romance,2
278090641-3,Junk Mail (Budbringeren),Jeannie,Comedy|Thriller,8
483402197-1,Donner Pass,Daron,Horror,9
451915668-8,Die,Dale,Thriller,10
310508435-5,"Fallen Sparrow, The",Carrissa,Film-Noir|Thriller,7
012585740-3,"Upside of Anger, The",Lissie,Comedy|Drama|Romance,2
717113025-8,August Mordum's Underground,Bellanca,Horror,8
966037108-X,Hell Comes to Frogtown,Krystal,Action|Comedy|Sci-Fi,9
312352018-8,"Inquisitor, The (a.k.a. Under Suspicion) (Garde à vue)",Rad,Crime|Drama,2
550145521-8,Love Meetings (Comizi d'amore),Ingelbert,Documentary,6
998385097-4,"13th Letter, The",Marga,Film-Noir,3
439297270-4,Salla: Selling the Silence,Arlinda,Documentary,10
265944739-X,Killers from Space,Giusto,Sci-Fi,4
541070298-0,Toy Story 3,Ted,Adventure|Animation|Children|Comedy|Fantasy|IMAX,10
664172393-3,Games People Play: New York,Glyn,Comedy|Documentary|Drama,3
008662556-X,Zeder,Malynda,Horror,4
016582423-9,FM,Cam,Drama,3
828555554-2,Facing the Giants,Billie,Action|Drama,3
998879004-X,In the Heat of the Night,Melisenda,Drama|Mystery,9
000923839-5,Scooby-Doo! The Mystery Begins,Boycey,Comedy|Fantasy|Mystery,1
420346920-1,Human Desire,Thibaud,Drama|Film-Noir,8
773494850-2,Isolation,Courtenay,Horror|Thriller,2
293978155-9,Mountains of the Moon,Trenton,Adventure,4
593233871-7,Romper Stomper,Filippa,Action|Drama,7
863391811-0,Solomon Kane,Erastus,Action|Adventure|Fantasy|Horror,4
988248741-6,Ju-on: The Curse,Hallie,Horror,8
679477566-2,Seed of Chucky (Child's Play 5),Viviana,Comedy|Horror,6
684681359-4,Kiki's Delivery Service (Majo no takkyûbin),Cazzie,Adventure|Animation|Children|Drama|Fantasy,10
404164665-0,Kill Me Please,Alis,Comedy,3
818817438-6,Like Dandelion Dust,Tuck,Drama,2
327484162-5,Revenge of the Zombies,Gerrilee,Horror,6
948010096-7,Why Don't You Play In Hell? (Jigoku de naze warui),Davie,Action|Drama,2
779586492-9,Damien: Omen II,Albert,Horror,1
407205464-X,Fortress 2,Reginald,Action|Sci-Fi,3
964715839-4,Kaksi kotia (Dagmamman),Adriano,Drama,10
985257767-0,"Free Soul, A",Dewie,Drama,4
754658596-1,Any Questions for Ben?,Bryon,Comedy|Drama,5
485749690-9,Pleasantville,Riane,Comedy|Drama|Fantasy,7
338190793-X,Pennies from Heaven,Cherry,Musical|Romance,6
843861402-7,Michael,Laryssa,Drama|Thriller,5
074613112-7,"New Kind of Love, A",Kaela,Comedy,10
878073856-7,Looking for Lenny ,Nomi,Documentary,9
369391939-9,Freddy vs. Jason,Roger,Action|Horror|Thriller,9
111658686-X,Continental Divide,Rubi,Comedy|Romance,5
369566124-0,Wake of the Red Witch,Haven,Action|Adventure|Drama,6
286936740-6,Everybody's Acting,Quinn,Drama|Romance,9
032436335-4,Joe,Alanson,Drama,6
588973130-0,Perez.,Allys,Crime|Drama|Thriller,7
884581082-8,Thoughtcrimes,Chan,Action|Crime|Drama,3
677792765-4,SpaceCamp,Teri,Adventure|Sci-Fi,3
584052520-0,"Swimsuit Issue, The (Allt flyter)",Maure,Comedy|Drama,5
558026567-0,Source Code,Terrill,Action|Drama|Mystery|Sci-Fi|Thriller,10
922278084-1,Greaser's Palace,Isacco,Comedy|Drama|Western,2
569964901-8,Kagi (Odd Obsession),Ennis,Drama,3
627275762-X,Mister 880,Sibeal,Comedy,10
469734825-7,Breaker Morant,Gisele,Drama|War,10
218905509-1,The Land Before Time VII: The Stone of Cold Fire,Jamal,Adventure|Animation|Children|Fantasy,7
199763833-9,Civic Duty,Meredithe,Drama|Thriller,5
898716107-2,Blame It on the Bellboy,Ingemar,Comedy,3
615258423-X,Sangre de mi sangre (Padre Nuestro),Phil,Drama|Thriller,5
982246796-6,Satisfaction (a.k.a. Girls of Summer),Cale,Comedy|Drama|Romance,9
108143556-9,Illegal,Magda,Drama,10
226662086-X,Wuthering Heights,Gleda,Drama|Romance,6
752560740-0,Runaway Jury,Dennis,Drama|Thriller,5
177556568-8,"Return of Frank James, The",Tamarah,Western,6
236544677-9,Death Sentence,Devora,Drama|Thriller,4
648172844-4,In the Realms of the Unreal,Tucker,Animation|Documentary,9
060382577-X,Cold Prey (Fritt Vilt),Joyous,Action|Horror|Mystery|Thriller,6
678746663-3,Butter,Dolores,Comedy,3
261064318-7,The Mark of Cain,Sinclare,Documentary|Drama,6
408540903-4,Anotherworld,Philippine,Drama|Romance,9
136562411-0,"Main Event, The",Deloris,Comedy,5
213077158-0,If I Stay,Erinna,Drama,7
211129537-X,Warren Oates: Across the Border,Jenilee,Documentary,4
836282449-2,GhostWatcher,Kalila,Horror|Mystery|Sci-Fi,5
522303620-4,Second Best,Gustie,Drama,6
503978740-5,Poltergeist III,Paulita,Horror|Thriller,4
772654127-X,Lili Marleen,Joseph,Drama,8
140706899-7,Monsieur Batignole,Laura,Comedy|Drama,8
080002412-5,Ice Age: Dawn of the Dinosaurs,Jacquie,Action|Adventure|Animation|Children|Comedy|Romance,2
735189145-1,If I Were King,Robin,Adventure,5
421107941-7,Animated Motion: Part 5,Bertrando,Animation|Documentary,4
664299936-3,Rockabilly Vampire,Alane,Comedy|Horror,10
883447844-4,Big Wednesday,Eden,Comedy|Drama,5
128174659-2,Doc Savage: The Man of Bronze,Koralle,Adventure,3
173703233-3,"Safety of Objects, The",Joelle,Drama,3
098141421-4,Portrait of Jennie,Layne,Drama|Fantasy|Mystery|Romance,9
854837271-0,Alaska: Spirit of the Wild,Quintus,Documentary|IMAX,7
718601437-2,Zombie Holocaust (a.k.a. Doctor Butcher M.D.) (Zombi Holocaust),Dru,Horror,1
503723109-4,"Wings of the Dove, The",Haley,Drama|Romance,5
668549040-3,Kurt Cobain About a Son,Kalli,Documentary|Musical,5
197460444-6,Black Snake Moan,Rowland,Drama,9
042154022-2,Thieves by Law (Ganavim Ba Hok),Leela,Documentary,7
743846794-5,Sweet Liberty,Esther,Comedy,10
064377699-0,Rock-A-Doodle,Orv,Adventure|Animation|Children|Musical,8
613847410-4,Devil's Doorway,Bonny,Western,7
901992390-0,"Earth Dies Screaming, The",Korrie,Horror|Sci-Fi,2
550134614-1,Days of Heaven,Markus,Drama,9
128819166-9,Walled In,Claudia,Horror|Thriller,10
524829606-4,Four Rooms,Suzy,Comedy,7
379114939-3,Air Bud,Gae,Children|Comedy,5
777078739-4,Mad Dog Coll,Rustin,Crime|Drama,3
191081780-5,Right Now (À tout de suite),Jermain,Crime|Drama|Romance|Thriller,2
417553595-0,Just Friends,Emelda,Comedy|Romance,9
681195944-4,Raise Your Voice,Shannen,Romance,6
490592103-1,Chan Is Missing,Michal,Crime,7
526172607-7,Final Destination 3,Mellie,Horror|Mystery|Thriller,3
145540778-X,Island of the Burning Damned (Night of the Big Heat),Issie,Horror|Mystery|Sci-Fi|Thriller,2
522141909-2,Asphalt,Julina,Drama,3
184181598-5,Demons 2 (Dèmoni 2... l'incubo ritorna),Karel,Horror,7
943895725-1,Trailer Park Boys,Franny,Comedy|Crime,8
094633519-2,Reel Bad Arabs: How Hollywood Vilifies a People,Luz,Documentary,8
606421914-9,"Rains of Ranchipur, The",Tonie,Adventure|Drama|Romance,6
544726514-2,Judith of Bethulia,Symon,Adventure|Drama|Romance,3
811272765-1,Heavy Metal Parking Lot,Mikel,Documentary|Musical,6
520092282-8,Glowing Stars,Aldrich,Drama,4
572869319-9,Mesrine: Killer Instinct (L'instinct de mort),Lanna,Action|Crime|Drama|Thriller,7
496933296-7,"Battered Bastards of Baseball, The",Filide,Documentary,10
631159823-X,Blue Vinyl,Reece,Documentary,8
787543384-3,Waiting for Guffman,Mitchael,Comedy,1
759754632-7,Dangerous Ground,Ange,Drama,2
873671683-9,Blackbird,Bron,Animation,9
097801397-2,Eden,Francisco,Drama,4
859206045-1,Martha Marcy May Marlene,Dukey,Drama|Thriller,5
837847234-5,Temptation of a Monk (You Seng),Lesly,Action|Adventure|Drama|Romance,6
653685769-0,"Snowtown (Snowtown Murders, The)",Augie,Crime|Drama|Thriller,8
375136064-6,"Truman Show, The",Stormy,Comedy|Drama|Sci-Fi,9
595106912-2,In Praise of Love (Éloge de l'amour),Kimmi,Drama,8
352089095-X,OSS 117 - Lost in Rio (OSS 117: Rio ne répond plus),Bellina,Adventure|Comedy,3
131668131-9,Going Berserk,Maddie,Comedy,6
521944515-4,Hôtel des Invalides,Hodge,Documentary,5
500409772-0,Les invincibles,Manuel,Comedy,5
022248898-0,Dinosaur 13,Kata,Adventure|Documentary|Drama|Thriller,6
380414352-0,Britannia Hospital,Moyra,Comedy|Drama,2
254301265-6,Täynnä Tarmoa,Evy,Documentary,8
346503857-6,"Incredible Petrified World, The",Mina,Adventure|Sci-Fi,4
537114616-4,"Card Player, The (Il cartaio)",Kylila,Crime|Horror|Mystery|Thriller,1
583182005-X,"Pelican, The (Le Pelican)",Purcell,Drama,1
684123646-7,Crazy Love,Maggy,Documentary,3
516397658-3,Willy Wonka & the Chocolate Factory,Daryle,Children|Comedy|Fantasy|Musical,8
538368281-3,Mouchette,Vinny,Drama,9
072938773-9,Off and Running ,Quentin,Documentary,7
162116161-7,Nightwing,Cher,Horror,3
051644369-0,In Darkness,Carri,Drama,3
093598085-7,"Woman in Black, The",Theo,Drama|Horror|Thriller,4
562096111-7,"American Crime, An",Astrid,Crime,1
166187235-2,Broken English,Morgen,Drama,8
926846602-3,Red Dust,Guthrie,Drama,6
464447687-0,Closing the Ring,Sutherland,Drama|Romance,7
144716330-3,Still Waiting...,Dreddy,Comedy,2
588032165-7,"Puppetmaster, The (Xi meng ren sheng)",Tillie,Drama,6
609589278-3,Bedazzled,Lina,Comedy,7
753842752-X,"Better Place, A",Ole,Drama,7
980867266-3,A Walk in the Old City of Warsaw,Celesta,Documentary,8
226761646-7,Pet Sematary II,Jere,Comedy|Horror,1
154515197-0,Victim,Vinnie,Crime|Drama,3
497699820-7,"Man Without a Past, The (Mies vailla menneisyyttä)",Gay,Comedy|Crime|Drama,4
380336117-6,The Righteous Thief,Stanford,Adventure,9
730027650-4,"Sea Is Watching, The (Umi wa miteita)",Camile,Romance,9
469361292-8,Life of Pi,Marja,Adventure|Drama|IMAX,4
765120909-5,Empire Records,Leupold,Comedy|Drama,2
553686833-0,Mei and the Kittenbus,Clari,Animation|Fantasy,8
893088754-6,Dr. Otto and the Riddle of the Gloom Beam,Augy,Comedy,5
892386670-9,"Nanny, The",Sheffy,Drama|Thriller,3
375192928-2,Tapped,Cassandra,Documentary,8
446215255-7,"Last Horror Movie, The",Jamie,Horror|Thriller,8
510910571-5,"Me, Myself & Irene",Jaimie,Adventure|Comedy,9
362381035-5,Acts of Worship ,Sadye,Drama,4
775136761-X,Tarzan and the Lost City,Bliss,Action|Adventure,1
180315568-X,Evil Toons,Auberon,Comedy|Horror,6
819668384-7,Disraeli,Bibbie,Drama,1
908108823-8,Monsters vs. Aliens,Alfy,Animation|Sci-Fi|IMAX,4
796875461-5,Semper Fi,Agna,Action|Drama,2
110978457-0,"First Nudie Musical, The",Haslett,Comedy|Musical,7
726947061-8,Big Buck Bunny,Torr,Animation|Comedy,8
227045810-9,"Man There Was, A (Terje Vigen)",Charlena,Drama,2
798149454-0,The Russian Novel,Ibrahim,Drama,5
959996669-4,Bubba Ho-tep,Christina,Comedy|Horror,4
407106639-3,"Last American Hero, The",Tarra,Action|Drama,3
792946327-3,The Nutcracker Prince,Antons,Adventure|Animation|Children|Fantasy,3
407797778-9,Amityville II: The Possession,Marcie,Horror,6
792045864-1,Liz & Dick ,Aylmar,Drama,3
457435572-7,Results,Tab,Comedy|Romance,2
454962297-0,Space Milkshake,Dorie,Comedy|Sci-Fi,6
280628253-5,Mustasukkaisuus,Ermina,Drama|Romance,5
462991076-X,U2 3D,Steve,Documentary|IMAX,8
440131957-5,I'm No Angel,Wolfy,Comedy,9
757699480-0,Gett: The Trial of Viviane Amsalem,Nerita,Drama,2
738786590-6,Catwalk,Shaun,Documentary,2
256603334-X,Housekeeping,Antons,Comedy|Drama,10
985918309-0,Gigante,Brenn,Comedy|Drama,8
128650535-6,Close-Up (Nema-ye Nazdik),Alasteir,Drama,2
450554863-5,"Smurfs, The",Nolie,Animation|Children|Comedy,7
114614319-2,"Shadow Riders, The",Giustina,Romance|Western,6
554857544-9,Vääpeli Körmy ja marsalkan sauva,Xenos,Comedy,10
752141474-8,"Atlantis, the Lost Continent",Rouvin,Adventure|Sci-Fi,6
974574780-7,"Hitcher, The",Ann,Action|Thriller,9
757219041-3,Ticker,Bernhard,Action|Crime|Thriller,1
612109914-3,Megiddo: The Omega Code 2,Lev,Action|Adventure|Fantasy|Sci-Fi|Thriller,10
227639612-1,"Welcome Back, Mr. McDonald (Rajio no jikan)",Maxie,Comedy,9
810535005-X,"Hatful of Rain, A",Edyth,Drama,1
752368490-4,Miss Austen Regrets,Allison,Drama,1
070652457-8,Big,Jeffry,Comedy|Drama|Fantasy|Romance,5
974424100-4,Won't Anybody Listen?,Corette,Documentary,3
669570273-X,Husbands and Wives,Kakalina,Comedy|Drama,7
309929522-1,"Night Listener, The",Corissa,Fantasy|Mystery|Thriller,5
951940979-3,Forbidden City Cop (Dai lap mat tam 008),Kayne,Action|Comedy,10
806451966-7,Hamburger Hill,Bartel,Action|Drama|War,3
583685351-7,Every Man for Himself (Slow Motion) (Sauve qui peut (la vie)),Griffin,Drama,8
815742650-2,White: The Melody of the Curse,Libbie,Horror,7
320677803-4,Down to the Bone,Eva,Drama,3
925958718-2,"Fork in the Road, A",Siward,Comedy|Crime,5
058911356-9,"Hound of the Baskervilles, The",Meyer,Crime|Horror|Mystery,1
475089339-0,Daddy (Tato),Nicolina,Drama,6
749782622-0,"Great Sinner, The",Pavla,Drama,9
832987501-6,Crossfire Hurricane,Olivero,Documentary|Musical,4
397756389-0,Mein Kampf,Carmina,Comedy|Drama,8
897049501-0,"Elvira, Mistress of the Dark",Correna,Comedy|Horror,10
425380234-6,"Miracle Woman, The",Verina,Drama,10
619079526-9,Little Manhattan,Silvanus,Children|Comedy|Romance,2
574748210-6,Let's Get Harry,Elsi,Action|Adventure,7
062384272-6,"Kiss Me, Guido",Krispin,Comedy,1
268709805-1,"Silence, The (Sokout)",Mela,Drama,1
831414027-9,High Crimes,Moore,Thriller,6
289110838-8,Frosty the Snowman,Sylvester,Animation|Children|Comedy|Fantasy|Musical,3
403904843-1,"Locusts, The",Wes,Drama,5
602509880-8,Songcatcher,Harwilll,Drama,6
580978090-3,"River Called Titas, A (Titash Ekti Nadir Naam)",Koren,Drama,9
821447382-9,"Case of the Whitechapel Vampire, The",Brunhilda,Crime|Mystery,4
477049030-5,Life Back Then (Antoki no inochi),Marcy,Drama|Romance,8
118457815-X,Be with Me,Jan,Drama|Romance,10
815815424-7,Wings (Krylya),Walsh,Drama,7
470855207-6,Man's Best Friend,Sunshine,Horror|Sci-Fi|Thriller,8
385269381-0,Man Facing Southeast (Hombre mirando al sudeste),Grata,Drama|Sci-Fi,5
522807295-0,Taken,Lilias,Action|Crime|Drama|Thriller,5
667958733-6,Paper Man,Hy,Comedy|Drama,7
483121578-3,"Bitter Tears of Petra von Kant, The (bitteren Tränen der Petra von Kant, Die)",Quent,Drama,10
423170743-X,There Will Be No Leave Today (Segodnya uvolneniya ne budet),Deanne,Drama|Thriller,2
002656726-1,Happily N'Ever After,Alvira,Animation|Children|Comedy,6
972188547-9,San Antonio,Glennie,Western,4
237766805-4,Steel,Hilton,Action,10
536600822-0,Poultrygeist: Night of the Chicken Dead,Lyndsie,Comedy|Horror|Musical,4
492169936-4,Q,Euphemia,Drama,4
851698501-6,"Divo, Il",Elisabet,Drama,2
977062194-3,The Man They Could Not Hang,Vance,Crime|Horror|Sci-Fi,2
207423882-7,Torn Curtain,Willyt,Thriller,6
023811223-3,Reign of Fire,Winnie,Action|Adventure|Fantasy,2
018411128-5,At the Circus,Sandy,Comedy|Musical,6
232355223-6,Winnie the Pooh,Horacio,Animation|Children|Comedy,5
445170279-8,Cran d'arrêt,Nannette,Crime|Mystery|Thriller,2
193461178-6,Gulliver's Travels,Grover,Adventure|Animation|Children,6
109967969-9,Black Rock,Meir,Horror|Thriller,8
054059477-6,"Cosmonaut, The",Brittany,Drama|Sci-Fi,7
949140570-5,O.C. and Stiggs,Lissa,Comedy,9
828524233-1,Brüno (Bruno),Rosella,Comedy,1
950818728-X,Clint Eastwood: Out of the Shadows,Hilliary,Documentary,1
294934158-6,Z.P.G.,Renado,Sci-Fi|Thriller,10
381659059-4,Zouzou,Becca,Comedy,4
370369097-6,"Tall Blond Man with One Black Shoe, The (Le grand blond avec une chaussure noire)",Sky,Comedy|Mystery,7
772974271-3,"Wedding March, The",Rayna,Drama|Romance,4
173883443-3,Voices,Brandyn,Drama|Romance,10
238168231-7,Bugs Bunny's Looney Christmas Tales,Shirline,Animation|Children,6
376707745-0,Smashing Pumpkins: If All Goes Wrong,Timoteo,Documentary|Musical,4
652672614-3,Gold Diggers: The Secret of Bear Mountain,Aguistin,Adventure|Children,10
312333654-9,The Adventure of Faustus Bidgood,Stafford,Comedy,10
153442582-9,Shark Alarm at Müggelsee (Hai Alarm am Müggelsee),Louis,Comedy,7
355667847-0,MacGruber,Collette,Action|Comedy,9
455029463-9,Ricky & Barabba,Romola,Comedy,10
688325131-6,Quill,Reese,Drama,3
876010484-8,Varan the Unbelievable,Tedman,Action|Drama|Sci-Fi,9
795771333-5,Heaven's Prisoners,Nathanael,Crime|Thriller,8
672331963-X,Hungry for Change,Victoir,Documentary,4
868049626-X,Starting Over,Bo,Comedy|Romance,5
426186417-7,Balzac and the Little Chinese Seamstress (Xiao cai feng),Sibley,Drama|Romance,1
902378812-5,Pohjanmaa,Sylvester,Drama,8
560376600-X,Shallow Grave,Donnie,Comedy|Drama|Thriller,3
877460810-X,Doghouse,Rebekah,Comedy|Horror,10
827802879-6,Cry of the City,Madelle,Crime|Drama,4
847398456-0,Get Educated: Paathshaala,Andreana,Drama,7
346384949-6,"Watch Out, We're Mad (...Altrimenti ci arrabbiamo!)",Monte,Action|Comedy,5
598323670-9,"Princess for Christmas, A",Grethel,Children|Comedy,5
590840813-1,Simon,Myrtie,Comedy|Drama,9
597600018-5,Into the Woods,Jonis,Adventure|Comedy|Fantasy|Musical,7
929848339-2,Ida,Paulo,Drama,8
346178019-7,Pressed,Joell,Action|Crime|Drama|Thriller,7
542827000-4,Phat Beach,Colan,Comedy,2
350427337-2,"Young Unknowns, The",Donielle,Drama,1
057548306-7,Four Daughters,Lilah,Drama|Romance,2
755117276-9,Seems Like Old Times,Anastasie,Comedy|Romance,2
404209382-5,Sisters (Syostry),Reggie,Action|Crime|Drama,3
708865845-3,"Phantom of Liberty, The (Fantôme de la liberté, Le)",Angel,Comedy|Drama,1
214764600-8,Miss Farkku-Suomi,Blancha,Drama|Romance,3
613015980-3,"Maze, The",Sharron,Horror,2
408405066-0,JFK,Ashien,Drama|Mystery|Thriller,2
467317596-4,David Copperfield,Poul,Drama,6
497856459-X,"Back-up Plan, The",Torrey,Comedy|Romance,8
327529374-5,Nico Icon,Dyna,Documentary,8
053800130-5,"Adventures of Sebastian Cole, The",Maxim,Comedy|Drama,2
595677225-5,"Ideal Husband, An",Dane,Comedy|Romance,10
500426851-7,High Spirits,Concettina,Comedy,7
110912892-4,Raise the Titanic,Petronille,Drama|Thriller,8
861812308-0,"Women, The",Alon,Comedy,7
425191304-3,Paradise: Love,Hart,Drama,1
966441873-0,Cyclo (Xich lo),Myrtia,Crime|Drama,5
161492962-9,Cookers,Shelli,Drama|Horror|Thriller,1
037384516-2,Just Wright,Marabel,Comedy|Romance,10
885785152-4,"Jungle Book, The",Daryl,Adventure|Children|Romance,10
621993953-0,Touching the Void,Mal,Adventure|Documentary,7
656415138-1,Attack of the 50 Foot Woman,Donetta,Comedy|Sci-Fi,7
235906291-3,Immensee,Kerianne,Drama,10
250595934-X,Kurt Cobain About a Son,Urbanus,Documentary|Musical,8
569928600-4,Mortal Kombat: Annihilation,Rusty,Action|Adventure|Fantasy,3
351905963-0,"Second Civil War, The",Putnem,Comedy|Drama,3
964754706-4,"Steam Experiment, The",Matty,Drama|Thriller,1
782991603-9,Vivien Leigh: Scarlett and Beyond,Fernando,Documentary,1
442068388-0,"Wonderful, Horrible Life of Leni Riefenstahl, The (Macht der Bilder: Leni Riefenstahl, Die)",Madelle,Documentary,5
984802218-X,Broadway Serenade,Othilia,Drama|Musical|Romance,7
054851240-X,God's Gun,Upton,Western,3
652821014-4,Mail Order Bride,Antonia,Comedy,9
036003423-3,Leonard Cohen: I'm Your Man,Red,Documentary|Musical,7
591789395-0,Catch a Fire,Suzette,Drama|Thriller,9
820152844-1,Absolute Giganten,Jeanne,Action|Comedy|Drama|Romance,3
898957026-3,Miss Austen Regrets,Lebbie,Drama,4
897495707-8,Venom,Doloritas,Horror|Thriller,8
823527276-8,Campus Radio,Merola,Comedy|Drama,2
715241635-4,Cirque du Freak: The Vampire's Assistant,Winonah,Action|Adventure|Comedy|Fantasy|Horror|Thriller,6
378639354-0,Back Stage,Natala,Documentary,10
268342823-5,Goodbye Lover,Tiffy,Comedy|Crime|Thriller,5
565001108-7,Stuff and Dough (Marfa si banii),Theobald,Drama,9
049951899-3,Ted Bundy,Erroll,Crime|Drama|Thriller,8
434297156-9,Top Gun,Westley,Action|Romance,5
351762176-5,"The Hire: Follow, The",Luella,Drama,4
198097364-4,Sarafina!,Lance,Drama,8
488157623-2,Treasure Island,Erma,Adventure,1
867425821-2,Major League: Back to the Minors,Phoebe,Comedy,8
973564950-0,"Toxic Avenger Part III: The Last Temptation of Toxie, The",Flossie,Comedy|Horror,7
297337307-7,"Lovers on the Bridge, The (Amants du Pont-Neuf, Les)",Niall,Drama|Romance,8
119032394-X,Far North,Kelly,Drama|Romance|Thriller,1
715680639-4,Smashing Pumpkins: Vieuphoria,Verla,Documentary|Musical,3
961367715-1,Elsa & Fred,Kylen,Children|Comedy|Romance,4
508951517-4,Somebody to Love,Debora,Drama,10
739727466-8,Crimes Against Humanity,Erna,Comedy,8
069929152-6,Jim Gaffigan: Mr. Universe,Megan,Comedy,6
250237036-1,"Good Shepherd, The",Hurley,Drama|Thriller,2
996743963-7,Never Forever,Martie,Drama|Romance,6
392638325-9,Jiro Dreams of Sushi,Page,Documentary,3
423750876-5,Dandelion,Kendre,Drama,3
443549729-8,No Nukes,Umeko,Documentary|Musical,5
295534636-5,Poolboy: Drowning Out the Fury,Tomi,Comedy,2
533630062-4,Three Little Words,Cara,Comedy|Musical|Romance,6
097422322-0,"Truly, Madly, Deeply",Marquita,Drama|Romance,3
570031270-0,Evil - In the Time of Heroes (To kako - Stin epohi ton iroon),Marjory,Adventure|Comedy|Horror,7
487378827-7,Clown,Deni,Drama|Horror,1
977710554-1,Cattle Queen of Montana,Hilario,Western,1
318758784-4,Two Women,Rachel,Drama,8
613843485-4,"Twilight People, The",Corissa,Horror,1
737219990-5,Battle Royale 2: Requiem (Batoru rowaiaru II: Chinkonka),Natalie,Action|Drama|Thriller|War,5
833611620-6,Amar Akbar Anthony,Corrie,Action|Comedy|Drama,2
586703000-8,Nobody Owns Me (Mig äger ingen),Roma,Drama,10
961631047-X,Chinese Roulette (Chinesisches Roulette),Wilfrid,Drama,1
532353939-9,"Bonaerense, El",Simonette,Action|Drama,5
072888040-7,Raffles,Gregg,Adventure|Crime|Drama|Romance|Thriller,6
823747910-6,Elizabeth: The Golden Age,Tony,Drama,1
505795673-6,War of the Wildcats (In Old Oklahoma),Thaine,Western,10
797027740-3,Somewhere in the City,Flemming,Comedy|Drama,4
933927181-5,10.5,Bart,Action|Drama,7
124017877-8,Camp,Guthrie,Drama,6
541367840-1,Don't Look in the Basement!,Samara,Horror,4
995660229-9,Owning Mahowny,Sheelagh,Crime|Drama|Thriller,4
468036188-3,Red Dragon,Charissa,Crime|Mystery|Thriller,5
162290982-8,"Love, Marilyn",Bonny,Documentary,10
282579707-3,Cinema Paradiso (Nuovo cinema Paradiso),Idell,Drama,7
857392492-6,EDtv,Gipsy,Comedy,4
425412030-3,Affliction,Nanette,Drama,3
585629691-5,Back to School with Franklin,Berke,Animation|Children,7
586632369-9,"Dry White Season, A",Chuck,Drama|Thriller,1
176184186-6,Billy Budd,Juliette,Adventure,8
420782098-1,Partners,Marcelline,Comedy,10
074036460-X,Novocaine,Mada,Comedy|Crime|Mystery|Thriller,5
546272232-X,Journey to the Far Side of the Sun (a.k.a. Doppelgänger),Corinna,Fantasy|Mystery|Sci-Fi|Thriller,3
781968609-X,Väreitä,Montague,Drama,6
734739987-4,Belle comme la femme d'un autre,Dita,Comedy,10
058079669-8,"Cowboy and the Lady, The",Cary,Comedy|Drama|Romance|Western,8
022259464-0,Who Am I? (Wo shi shei),Alain,Action|Adventure|Comedy|Sci-Fi|Thriller,6
154115938-1,Rehearsals for Extinct Anatomies,Shel,Animation,6
070865987-X,"Evening with Kevin Smith, An",Madelina,Comedy|Documentary,4
947209103-2,Overnight,Jammie,Documentary,8
137791179-9,Rebirth,Falkner,Documentary,4
876159152-1,"Secret Life of Walter Mitty, The",Sergio,Adventure|Comedy|Drama,5
961301851-4,School Daze,Lotti,Drama,10
295769532-4,Katyn,Adiana,Drama|War,9
999498890-5,Listy do M.,Kendre,Comedy|Romance,1
768989797-5,Adios Sabata,Leland,Action|War|Western,6
349522861-6,Heartbreak Hotel,Clarita,Comedy,6
852550745-8,Stepmom,Arnuad,Drama,9
758917013-5,Friday Night Lights,Hobart,Action|Drama,4
399773895-5,Buffalo Soldiers,Sisely,Comedy|Crime|Drama|War,2
769470242-7,"Endurance: Shackleton's Legendary Antarctic Expedition, The",Malvin,Documentary,2
757134423-9,Volver,Lilyan,Comedy|Drama,9
413824376-3,Good Old Daze (Le péril jeune),Web,Comedy|Drama,8
634876130-4,Stealing Rembrandt (Rembrandt),Philippa,Action|Comedy|Crime,5
121161775-0,"Hands of Orlac, The (Orlacs Hände)",Phil,Crime|Horror,2
553846268-4,Filly Brown,Deane,Drama,1
032348794-7,"Four-Faced Liar, The",Gaynor,Comedy|Drama|Romance,5
068137138-2,Only Lovers Left Alive,Edvard,Drama|Horror|Romance,7
760943732-8,Forever Amber,Rem,Drama,5
447248630-X,Defiance,Raleigh,Action|Crime|Drama,8
570571311-8,Rare Exports: A Christmas Tale (Rare Exports),Gabriell,Action|Comedy,1
808542073-2,Pieta,Edik,Drama,2
511387065-X,Kitchen Stories (Salmer fra kjøkkenet),Cyndi,Comedy|Drama,6
965820740-5,My Demon Lover,Christophe,Comedy|Horror,10
380773815-0,Amadeus,Dinah,Drama,6
318293280-2,Topper Takes a Trip,Priscilla,Comedy|Fantasy|Romance,9
393624476-6,"Cousins, The (Cousins, Les)",Hildy,Drama|Romance,9
807297570-6,Queen of the Mountains,Jo-ann,Action|Drama,3
765945984-8,White Noise 2: The Light,Hersh,Drama|Horror|Thriller,8
302597147-9,Synthetic Pleasures,Nicolas,Documentary,3
603171095-1,Clara's Heart,Tonnie,Drama,5
456820105-5,Little Secrets,Bastian,Children|Comedy|Drama,10
533388251-7,"Wizard, The",Gaspar,Adventure|Children|Comedy|Drama,6
562219404-0,"Vampire Bat, The",Sapphira,Horror,6
645833137-1,Fun,Aylmar,Crime|Drama,6
943431159-4,ChromeSkull: Laid to Rest 2,Skye,Horror,8
614457922-2,"Target Shoots First, The",Nertie,Comedy|Drama,3
250145141-4,That Championship Season,Clemens,Drama,8
196496750-3,Promises,Elfrida,Documentary,5
801819421-1,Duel in the Sun,Kamillah,Western,9
595780285-9,"Long Day Closes, The",Donalt,Drama,7
984903171-9,The Land Before Time XIII: The Wisdom of Friends,Carlina,Animation|Children,5
875269926-9,Kansas Raiders,Riordan,Action|Adventure|Western,9
592760642-3,"White Hell of Pitz Palu, The (Die weiße Hölle vom Piz Palü) ",Manda,Action|Adventure|Drama,5
967821496-2,"Viking, The",Cully,Action|Adventure|Drama,4
307042424-4,"Gymnast, The",Darcee,Drama|Romance,10
830849432-3,"City of Violence, The (Jjakpae)",Kerrie,Action|Crime|Drama,1
169430878-2,Mystery Road,Delinda,Mystery|Thriller,1
290162176-7,Price of Glory,Renae,Drama,7
543711941-0,Firepower,Glynis,Action|Drama|Thriller,4
476200548-7,17 Girls (17 filles),Venus,Drama,1
103645205-0,Sleepwalk with Me,Celestine,Comedy|Drama,5
689681794-1,The Valley of Gwangi,Wallas,Sci-Fi|Thriller|Western,1
253096143-3,Goal! III,Wittie,Drama|Romance,10
821631481-7,Penelope,Georgiana,Comedy|Crime,7
503354598-1,In Order of Disappearance (Kraftidioten),Rozalin,Action|Comedy|Crime|Thriller,3
866086288-0,Duma,Iorgo,Adventure|Drama,2
243414101-3,Millions,Sari,Children|Comedy|Crime|Drama|Fantasy,4
825105370-6,Highlander II: The Quickening,Crystie,Action|Sci-Fi,1
313011669-9,"Celebration, The (Festen)",Gris,Drama,6
729445989-4,Inferno,Benjamen,Drama,7
949039041-0,"Great Ecstasy of Robert Carmichael, The",Monika,Drama|Horror,3
876324169-2,Last Stop for Paul,Gareth,Comedy,2
432472445-8,Leila,Darcee,Drama|Romance,2
350573703-8,Footlight Parade,Denna,Comedy|Musical|Romance,2
352479911-6,"Toxic Avenger, Part II, The",Lois,Comedy|Horror,3
314834822-2,A Grain of Truth,Gawain,Thriller,10
575979957-6,Arabian Nights,Veronike,Action|Adventure,6
461340036-8,"Golden Boys, The",Wallace,Comedy|Romance,9
924649745-7,Aladin,Lesley,Comedy|Fantasy|Musical|Romance,9
744459236-5,"Oh, God! Book II",Ashlin,Comedy,4
355682742-5,"Blue Kite, The (Lan feng zheng)",Jessey,Drama,5
179594324-6,"'Human' Factor, The (Human Factor, The)",Tiertza,Drama|Thriller,1
510085470-7,Earth (Tierra),Augustine,Drama|Romance,3
370016510-2,Broken Blossoms or The Yellow Man and the Girl,Sallee,Drama|Romance,8
095995688-3,Junior Prom,Peta,Documentary,9
409193487-0,No One Writes to the Colonel (El coronel no tiene quien le escriba),Shelli,Drama,9
736620667-9,"Cove, The",Melisa,Documentary,3
240565471-7,Pete Smalls Is Dead,Juliana,Comedy,7
871775352-X,"Groove Tube, The",Sheff,Comedy,9
400045085-9,"King of Kong, The",Niles,Documentary,6
722300103-8,Red Eye,Vivianna,Horror|Thriller,10
625017094-4,Yves Saint Laurent,Mae,Drama|Romance,5
197546215-7,Stranded,Elaine,Drama|Sci-Fi,1
539902953-7,I'll Sleep When I'm Dead,Cully,Crime|Drama,2
797592039-8,Bronson,Kameko,Action|Comedy|Drama|Thriller,3
015180734-5,Artifact,Channa,Documentary,4
704985434-4,Riki-Oh: The Story of Ricky (Lik Wong),Johnathon,Action|Crime|Thriller,5
525354415-1,Irma la Douce,Claudius,Comedy,6
592584146-8,The (Dead Mothers) Club,Marja,Documentary,3
262977798-7,"Great Bank Hoax, The",Zsa zsa,Comedy|Crime,2
172892135-X,"Pianist, The",Lucille,Drama|War,1
314768628-0,Catch That Kid,Lanna,Action|Adventure|Children|Comedy|Crime,1
216233417-8,Collision Earth,Korney,Action|Sci-Fi,3
501965317-9,Liberal Arts,Damon,Comedy|Drama,1
980781629-7,Tiresia,Cassaundra,Drama,9
346732201-8,Most Likely to Succeed,Bernetta,Documentary|Drama,2
122633480-6,Hick,Camile,Drama|Romance,10
427431693-9,Safrana or Freedom of Speech (Safrana ou le droit à la parole),Melodee,Drama,3
895116578-7,There Will Be Blood,Rianon,Drama|Western,9
016050076-1,"Unknown, The (a.k.a. Alonzo the Armless)",Winona,Drama|Horror|Romance,10
116238879-X,Montana,Annabella,Action|Adventure|Romance|Western,4
017361035-8,Crocodile Dundee in Los Angeles,Raynard,Comedy|Drama,4
094759024-2,"Tomb, The",Quintin,Horror|Thriller,7
996920334-7,Offside,Lisetta,Comedy|Drama,3
893433601-3,"Alley Cats, The",Laurens,Drama,2
632095591-0,Pretty Bird,Albertine,Comedy|Drama,10
141734774-0,Murder on the Orient Express,Goldie,Crime|Mystery|Thriller,2
920815913-2,Married to It,Ogden,Comedy|Drama,10
073756506-3,Esther Kahn,Brand,Drama,3
134831693-4,Things We Do For Love (Kaikella rakkaudella),Augustin,Drama,8
096107957-6,Dead Man's Walk,Annis,Western,6
309059310-6,Siam Sunset,Nichole,Comedy,1
971641658-X,Forbidden Door (Pintu Terlarang),Mel,Drama|Mystery|Thriller,2
244536619-4,Androcles and the Lion,Krystyna,Comedy,3
966035781-8,"Crow: Salvation, The",Janet,Action|Horror,2
790567983-7,Margaret,Dalia,Drama,9
518651870-0,Dragon: The Bruce Lee Story,Orella,Action|Drama,9
868207248-3,"Vampires, Les",Jecho,Action|Adventure|Drama|Horror|Thriller,6
557969720-1,"Little Vampire, The",Martie,Adventure|Children,2
584852227-8,Fall of the Republic: The Presidency of Barack H. Obama,Waylon,Documentary,6
408790742-2,From One Second to the Next,Yettie,Documentary,2
911466987-0,Suspect,Willow,Crime|Drama|Thriller,4
805795927-4,"Last Supper, The",Artemis,Drama|Thriller,5
717912612-8,Rush: Beyond the Lighted Stage,Selina,Documentary|Musical,8
870288813-0,George Carlin: It's Bad for Ya!,Laural,Comedy,9
047465010-3,Home Sweet Home,Joella,Comedy,10
639794009-8,"Cat in Paris, A (Une vie de chat)",Lolita,Animation|Crime|Mystery,5
578750042-3,Always for Pleasure,Zahara,(no genres listed),2
390317526-9,"Great Gatsby, The",Vanny,Drama,1
198972745-X,"Harvest: 3,000 Years (Mirt Sost Shi Amit)",Karla,Drama,4
040813808-4,"Miracle of Bern, The (Wunder von Bern, Das)",Cordi,Comedy|Drama,7
201460144-5,Jay Mohr: Funny for a Girl,Valerie,Comedy,10
044110598-X,Somewhere in the Night,Nikola,Crime|Drama|Film-Noir,10
267952652-X,"Prey, The (La proie)",Neal,Action|Crime|Thriller,6
777709213-8,Shaolin Temple 2: Kids from Shaolin (Shao Lin xiao zi) (Kids from Shaolin),Layne,Action|Comedy,10
010311627-3,Fail Safe,Johann,Drama|Thriller,8
543338037-8,"Son of No One, The",Dylan,Action|Crime|Thriller,3
190484611-4,"Man Who Knew Too Much, The",Deeyn,Adventure|Drama|Mystery|Thriller,2
056563548-4,La liga no es cosa de hombres,Kelli,(no genres listed),8
506802238-1,Rhythm of a Crime (Ritam zlocina),Grethel,Crime|Drama,6
419491958-0,Blue Jasmine,Geneva,Drama,1
768892187-2,"Replacement Killers, The",Abram,Action|Crime|Thriller,8
686513417-6,Civic Duty,Erich,Drama|Thriller,5
567000761-1,"Music Never Stopped, The",Scarlett,Drama,3
941949850-6,Valley Of Flowers,Phylys,Adventure|Drama|Romance,9
238347641-2,Mermaids,Jasen,Comedy|Drama|Romance,4
938442905-8,Return of the Killer Tomatoes!,Sibbie,Comedy|Horror|Sci-Fi,7
239391071-9,St. Trinian's,Sheila,Children|Comedy,1
623595875-7,Alive,Stafford,Action|Drama|Horror|Sci-Fi|Thriller,4
004787182-2,"Lovers, The (Les Amants)",Melantha,Drama,6
946471522-7,"Magnetic Man, The (Magneettimies)",Dasya,Documentary,2
708040335-9,Highly Dangerous,Deloris,Action|Thriller,10
999535044-0,In the Loop,Penni,Comedy,3
783936754-2,Sudden Death,Karita,Action,10
824855172-5,The Man from Acapulco,Ange,Action|Comedy|Fantasy|Romance,2
165952176-9,A Chinese in a Coma,Shep,Comedy,6
518780168-6,"Message to Garcia, A",Meier,Drama|Romance,8
640032816-5,Mail Early for Xmas,Kissie,Animation,2
930906269-X,Beer Wars,Joe,Documentary,3
342686548-3,"Toast of New Orleans, The",Barnaby,Musical,9
902256820-2,Lethal Weapon 3,Web,Action|Comedy|Crime|Drama,3
962804585-7,Coonskin,Taylor,Animation|Crime|Drama,8
923034689-6,El Greco,Bird,Drama,9
396118133-0,Free The Mind,Gherardo,Documentary,6
738126881-7,"Man Named Pearl, A",Chelsea,Documentary,10
229641373-0,Eureka (Yurîka),Ansell,Drama,8
119472055-2,Cheech and Chong's Animated Movie,Gabriel,Animation|Comedy,7
075529879-9,"Clonus Horror, The",Min,Horror|Sci-Fi,1
767343815-1,Enter the Void,Kerr,Drama,4
693082779-7,Bright Victory,Domenico,Drama,4
743767248-0,"Glenn, the Flying Robot",Debby,Sci-Fi,8
354912899-1,If Footmen Tire You What Will Horses Do?,Felicia,Drama,8
057799114-0,"Maze, The",Rey,Horror,9
492820166-3,Valley Uprising,Cathryn,Documentary,2
322595462-4,Bloody Territories (Kôiki bôryoku: ryuuketsu no shima),Con,Action|Crime,6
371021376-2,Yankee Doodle Dandy,Jehu,Drama|Musical,1
561875224-7,Pee-wee's Big Adventure,Jaymee,Adventure|Comedy,8
130275992-2,"Objective, The",Obadias,Horror|Sci-Fi|Thriller|War,9
133672386-6,Gemini (Sôseiji),Reid,Drama|Fantasy|Horror|Mystery|Thriller,1
609055408-1,Family Life,Phillipe,Drama,9
962751388-1,Seitsemän veljestä,Quinn,Drama,10
558434205-X,Koyaanisqatsi (a.k.a. Koyaanisqatsi: Life Out of Balance),Wayland,Documentary,8
420503985-9,"Beguiled, The",Boyd,Drama|Thriller|War,9
320037778-X,"In-Laws, The",Mattias,Comedy,1
910375796-X,Underworld,Layne,Comedy|Thriller,9
054044042-6,"Adventure of Sherlock Holmes' Smarter Brother, The",Mill,Comedy|Crime|Mystery,6
381343451-6,Our Family Wedding,Larine,Comedy,1
783515665-2,Jesus of Montreal (Jésus de Montréal),Frazier,Drama,1
575304852-8,Never Been Kissed,Lombard,Comedy|Romance,6
179865770-8,Brothers of the Head,Cammy,Drama,4
448907715-7,Real Men,Gillan,Comedy|Sci-Fi,5
812916815-4,Alien Escape,Marysa,Horror|Sci-Fi,9
207601321-0,Say It Isn't So,Trescha,Comedy|Romance,2
427270028-6,Charly,Storm,Drama|Sci-Fi,6
928175782-6,Dog Nail Clipper (Koirankynnenleikkaaja),Kimberly,Drama,4
457886318-2,Weeds,Avivah,Drama,3
715635941-X,Hitchcock,Meris,Drama,9
078653201-7,A Blank on the Map,Nicholle,Documentary,3
320865795-1,Henry Poole is Here,Burr,Drama|Mystery,2
277116453-1,Crawlspace,Eric,Horror|Thriller,5
621304022-6,Mass Effect: Paragon Lost,Eldin,Action|Animation|Sci-Fi,4
646045806-5,Hamlet 2,Dmitri,Comedy,1
136879993-0,"English Patient, The",Zorah,Drama|Romance|War,4
874289534-0,Space Pirate Captain Harlock,Katharine,Animation|Sci-Fi,9
840503414-5,"Fighting Prince of Donegal, The",Hadley,Action|Adventure,8
030848726-5,Dead Men Don't Wear Plaid,Kayla,Comedy|Crime|Thriller,1
420041358-2,Wrestling for Jesus: The Tale of T-Money,Seumas,Documentary,4
593097840-9,"Final Darkness, The (Buio Omega)",Arvin,Horror,4
374696076-2,Days and Clouds (Giorni e nuvole),Godiva,Drama,6
159246465-3,Divine Madness!,Terrijo,Comedy,4
739867462-7,Izo,Paco,Action|Drama|Fantasy|Horror|Thriller|War,4
777271437-8,"Fine Pair, A (Ruba al prossimo tuo)",Bone,Adventure|Comedy|Crime|Romance,4
663280342-3,Finding Vivian Maier,Desiree,Documentary,4
511747728-6,Fame High,Terza,Documentary,8
900496192-5,Lotta på Bråkmakargatan,Shalna,Children,9
369323720-4,Paradise: Faith (Paradies: Glaube),Doretta,Drama,4
445907900-3,"Affair of Love, An (Liaison pornographique, Une)",Sara-ann,Drama|Romance,10
492120884-0,Summer Interlude (Sommarlek),Cheri,Drama|Romance,6
357476079-5,Trailer Park of Terror,Pennie,Horror|Thriller,3
506645026-2,Angele,Reynard,Drama,2
785751202-8,"All the Way Boys (Più forte, ragazzi!)",Dacy,Action|Adventure|Comedy,4
400476855-1,My Left Foot,Mahmud,Drama,9
983636849-3,Wishful Thinking,Lara,Comedy,8
770125538-9,Rapture (Arrebato),Marsh,Drama|Horror,6
287360726-2,Preaching to the Perverted,Ring,Comedy|Drama,9
604868350-2,"Emperor Waltz, The",Gaven,Comedy|Musical|Romance,1
659063915-9,Kinetta,Matteo,Drama,1
567803581-9,Tokyo!,Drake,Drama,2
627995594-X,"Firm, The",Banky,Drama|Thriller,5
038127280-X,Alive and Ticking (Ein Tick anders),Melisande,Comedy|Drama,7
902338117-3,Horrible Bosses,Matthew,Comedy|Crime,3
558809550-2,Two Cents Worth of Hope (Due soldi di speranza),Winslow,Comedy|Romance,10
025917154-9,Wishful Thinking,Mead,Comedy,6
966968952-X,"Idiot, The (Hakuchi)",Cy,Crime|Drama|Romance,4
365754911-0,Picture This,Nona,Comedy|Drama|Romance,2
791177973-2,Snow Cake,Mickie,Drama,7
142884680-8,From Dusk Till Dawn,Bevin,Action|Comedy|Horror|Thriller,7
660867352-3,Cloud Atlas,Derrik,Drama|Sci-Fi|IMAX,9
218888416-7,Corruption (a.k.a. Carnage),Morris,Horror,10
054404245-X,Last Days of Mussolini (Mussolini: Ultimo atto),Vivienne,Drama|War,2
771466557-2,Nowhere in Africa (Nirgendwo in Afrika),Phyllys,Drama,4
736705494-5,WarGames,Chantal,Drama|Sci-Fi|Thriller,9
952342134-4,"Effect of Gamma Rays on Man-in-the-Moon Marigolds, The",Edik,Drama,5
011194339-6,"Magic Sword, The",Fina,Drama|Fantasy,7
645138125-X,Traffic,Trevor,Crime|Drama|Thriller,5
286825276-1,Lightning Bug,Sandy,Drama|Horror|Thriller,8
736282834-9,"Roommate, The",Arron,Drama|Thriller,10
248689196-X,King of the Jungle,Norry,Drama|Thriller,10
937711401-2,Buying the Cow,Rebe,Comedy|Romance,1
741407979-1,American Pie Presents The Naked Mile (American Pie 5: The Naked Mile),Obadiah,Comedy|Romance,8
936697830-4,Tetro,Edita,Drama|Mystery,4
857229026-5,Bleak Moments,Romola,Comedy|Drama,9
493267011-7,Wag the Dog,Barbey,Comedy,5
889637501-0,Eight Men Out,Colleen,Drama,4
158387347-3,"Silence Before Bach, The (Die Stille vor Bach) ",Sid,Musical,7
954268241-7,Flowers in the Attic,Olav,Drama|Thriller,6
384971354-7,Imitation of Life,Hester,Drama|Romance,2
413565317-0,Twin Dragons (Shuang long hui),Gothart,Action|Comedy,6
552295857-X,Ten Little Indians,Jonathon,Crime|Mystery,5
831150693-0,Bride of Chucky (Child's Play 4),Vasili,Comedy|Horror|Thriller,3
379822501-X,I Am,Aubine,Documentary,2
594770556-7,Marianne & Juliane (Die Bleierne Zeit),Bram,Drama,6
122988141-7,The Missionaries,Jere,Comedy|Romance,3
421707281-3,Romero,Drusilla,Drama,7
583965935-5,Listy do M.,Niven,Comedy|Romance,7
189890256-9,"Letter, The",Frannie,Drama,8
529510510-5,Djomeh,Forester,Drama,9
439154907-7,Rize,Charisse,Documentary,8
269164583-5,Diary of a Lost Girl (Tagebuch einer Verlorenen),Kala,Drama,10
781770185-7,Four Rooms,Ethelin,Comedy,6
026860629-3,Lemon Tree,Kevyn,Drama,4
581664303-7,"Delivery, The",Myra,Action|Adventure|Horror|Thriller,6
946885273-3,"Strange Little Cat, The (Das merkwürdige Kätzchen)",Hilda,Comedy|Drama,1
592000442-8,Rush: Beyond the Lighted Stage,Jillie,Documentary|Musical,10
271646329-8,Alabama's Ghost,Tilly,Horror,6
573633901-3,Braddock: Missing in Action III,Corri,Action|War,3
244813311-5,Georgia Rule,Gaby,Comedy|Drama|Romance,10
323963970-X,"Jackal, The",Durant,Action|Thriller,8
990445750-6,Intruder in the Dust,Janie,Drama,6
302088111-0,Karlsson Brothers (Bröderna Karlsson),Rosalind,Comedy|Drama,7
969041434-8,Sleeping Beauty,Troy,Adventure|Fantasy,3
579018432-4,"Code, The (Mentale, La)",Raphaela,Action|Crime|Thriller,7
384057807-8,Vital,Vitia,Thriller,5
662610227-3,Walk on Water,Byram,Drama|Thriller,3
974346723-8,"My Wife, A Body to Love",Lynnette,(no genres listed),7
263971195-4,The Sky Dragon,Carlos,Adventure|Comedy|Crime|Mystery|Thriller,9
442633720-8,"Dunwich Horror, The",Inger,Horror,6
732657789-7,"Enforcer, The",Bev,Crime,2
459162329-7,Bill Bailey: Tinselworm,Jeremie,Comedy|Documentary,7
358281374-6,"Bye Bye, Love",Monro,Comedy,1
576160627-5,"Extremely Goofy Movie, An",Jerrylee,Animation|Children|Comedy,7
590409104-4,"Great Ziegfeld, The",Arnoldo,Drama|Musical,9
418391274-1,Phantom of the Woods,Niall,Drama|Horror|Thriller,5
849856625-8,Unknown,Miguela,Drama|Mystery|Thriller,5
687081483-X,Tarzan,Angelika,Adventure|Animation|Children|Drama,8
836497756-3,Audrey Rose,Osbourne,Horror,8
467216942-1,"Night of the Iguana, The",Mackenzie,Drama|Thriller,6
380999095-7,"Preacher's Wife, The",Claiborn,Drama,5
087789589-9,"Heaven Knows, Mr. Allison",Hilliard,Drama|War,8
773897332-3,"Rome, Open City (a.k.a. Open City) (Roma, città aperta)",Skelly,Drama|War,7
497048757-X,Season of the Witch (Hungry Wives) (Jack's Wife),Dacey,Drama|Horror,5
286295125-0,"Grand Dukes, The (Les grands ducs)",Lonnard,Comedy,3
